[{"model": "admin.logentry", "pk": 1, "fields": {"action_time": "2023-10-24T02:25:11.650Z", "user": 1, "content_type": 9, "object_id": "1", "object_repr": "University object (1)", "action_flag": 1, "change_message": "[{\"added\": {}}]"}}, {"model": "admin.logentry", "pk": 2, "fields": {"action_time": "2023-10-24T02:25:22.950Z", "user": 1, "content_type": 9, "object_id": "2", "object_repr": "University object (2)", "action_flag": 1, "change_message": "[{\"added\": {}}]"}}, {"model": "admin.logentry", "pk": 3, "fields": {"action_time": "2023-10-24T02:26:00.831Z", "user": 1, "content_type": 10, "object_id": "1", "object_repr": "Department object (1)", "action_flag": 1, "change_message": "[{\"added\": {}}]"}}, {"model": "admin.logentry", "pk": 4, "fields": {"action_time": "2023-10-24T02:26:17.343Z", "user": 1, "content_type": 10, "object_id": "2", "object_repr": "Department object (2)", "action_flag": 1, "change_message": "[{\"added\": {}}]"}}, {"model": "admin.logentry", "pk": 5, "fields": {"action_time": "2023-10-24T02:26:55.977Z", "user": 1, "content_type": 8, "object_id": "1", "object_repr": "Course object (1)", "action_flag": 1, "change_message": "[{\"added\": {}}]"}}, {"model": "admin.logentry", "pk": 6, "fields": {"action_time": "2023-10-24T02:28:48.585Z", "user": 1, "content_type": 10, "object_id": "3", "object_repr": "Department object (3)", "action_flag": 1, "change_message": "[{\"added\": {}}]"}}, {"model": "admin.logentry", "pk": 7, "fields": {"action_time": "2023-10-24T02:29:07.925Z", "user": 1, "content_type": 10, "object_id": "4", "object_repr": "Department object (4)", "action_flag": 1, "change_message": "[{\"added\": {}}]"}}, {"model": "admin.logentry", "pk": 8, "fields": {"action_time": "2023-10-24T02:49:34.730Z", "user": 1, "content_type": 8, "object_id": "2", "object_repr": "Course object (2)", "action_flag": 1, "change_message": "[{\"added\": {}}]"}}, {"model": "admin.logentry", "pk": 9, "fields": {"action_time": "2023-10-24T04:29:54.626Z", "user": 1, "content_type": 10, "object_id": "5", "object_repr": "Mathematics", "action_flag": 1, "change_message": "[{\"added\": {}}]"}}, {"model": "admin.logentry", "pk": 10, "fields": {"action_time": "2023-10-24T04:30:46.352Z", "user": 1, "content_type": 8, "object_id": "3", "object_repr": "Fundamentals of Mathematics", "action_flag": 1, "change_message": "[{\"added\": {}}]"}}, {"model": "admin.logentry", "pk": 11, "fields": {"action_time": "2023-10-24T04:31:21.345Z", "user": 1, "content_type": 8, "object_id": "4", "object_repr": "Differential Calculus", "action_flag": 1, "change_message": "[{\"added\": {}}]"}}, {"model": "admin.logentry", "pk": 12, "fields": {"action_time": "2023-10-24T04:31:52.918Z", "user": 1, "content_type": 8, "object_id": "5", "object_repr": "Analytic and Vector Geometry", "action_flag": 1, "change_message": "[{\"added\": {}}]"}}, {"model": "admin.logentry", "pk": 13, "fields": {"action_time": "2023-10-24T04:32:24.003Z", "user": 1, "content_type": 8, "object_id": "6", "object_repr": "History of the Emergence of Bangladesh", "action_flag": 1, "change_message": "[{\"added\": {}}]"}}, {"model": "admin.logentry", "pk": 14, "fields": {"action_time": "2023-10-24T04:33:07.720Z", "user": 1, "content_type": 8, "object_id": "7", "object_repr": "Basic Statistics", "action_flag": 1, "change_message": "[{\"added\": {}}]"}}, {"model": "admin.logentry", "pk": 15, "fields": {"action_time": "2023-10-24T04:33:45.600Z", "user": 1, "content_type": 8, "object_id": "8", "object_repr": "Mechanics, Waves and Properties of Matters", "action_flag": 1, "change_message": "[{\"added\": {}}]"}}, {"model": "admin.logentry", "pk": 16, "fields": {"action_time": "2023-10-24T04:55:46.872Z", "user": 1, "content_type": 8, "object_id": "9", "object_repr": "Linear Algebra I", "action_flag": 1, "change_message": "[{\"added\": {}}]"}}, {"model": "admin.logentry", "pk": 17, "fields": {"action_time": "2023-10-24T04:56:18.440Z", "user": 1, "content_type": 8, "object_id": "10", "object_repr": "Integral Calculus", "action_flag": 1, "change_message": "[{\"added\": {}}]"}}, {"model": "admin.logentry", "pk": 18, "fields": {"action_time": "2023-10-24T04:56:49.066Z", "user": 1, "content_type": 8, "object_id": "11", "object_repr": "Introduction to Probability", "action_flag": 1, "change_message": "[{\"added\": {}}]"}}, {"model": "admin.logentry", "pk": 19, "fields": {"action_time": "2023-10-24T04:57:52.667Z", "user": 1, "content_type": 8, "object_id": "12", "object_repr": "Electromagnetism and Modern Physics", "action_flag": 1, "change_message": "[{\"added\": {}}]"}}, {"model": "admin.logentry", "pk": 20, "fields": {"action_time": "2023-10-24T04:58:19.019Z", "user": 1, "content_type": 8, "object_id": "13", "object_repr": "MATH LAB I", "action_flag": 1, "change_message": "[{\"added\": {}}]"}}, {"model": "admin.logentry", "pk": 21, "fields": {"action_time": "2023-10-24T04:58:47.156Z", "user": 1, "content_type": 8, "object_id": "14", "object_repr": "Viva Voce", "action_flag": 1, "change_message": "[{\"added\": {}}]"}}, {"model": "admin.logentry", "pk": 22, "fields": {"action_time": "2023-10-24T04:59:12.015Z", "user": 1, "content_type": 8, "object_id": "2", "object_repr": "Physics", "action_flag": 3, "change_message": ""}}, {"model": "admin.logentry", "pk": 23, "fields": {"action_time": "2023-10-24T04:59:17.412Z", "user": 1, "content_type": 8, "object_id": "1", "object_repr": "Programming Fundamentals", "action_flag": 3, "change_message": ""}}, {"model": "admin.logentry", "pk": 24, "fields": {"action_time": "2023-10-24T08:43:47.711Z", "user": 1, "content_type": 8, "object_id": "15", "object_repr": "Real Analysis I", "action_flag": 1, "change_message": "[{\"added\": {}}]"}}, {"model": "admin.logentry", "pk": 25, "fields": {"action_time": "2023-10-24T08:44:31.918Z", "user": 1, "content_type": 8, "object_id": "16", "object_repr": "Calculus of Several Variables", "action_flag": 1, "change_message": "[{\"added\": {}}]"}}, {"model": "admin.logentry", "pk": 26, "fields": {"action_time": "2023-10-24T08:45:06.605Z", "user": 1, "content_type": 8, "object_id": "17", "object_repr": "Linear Algebra II", "action_flag": 1, "change_message": "[{\"added\": {}}]"}}, {"model": "admin.logentry", "pk": 27, "fields": {"action_time": "2023-10-24T08:45:48.379Z", "user": 1, "content_type": 8, "object_id": "18", "object_repr": "Ordinary Differential Equations I", "action_flag": 1, "change_message": "[{\"added\": {}}]"}}, {"model": "admin.logentry", "pk": 28, "fields": {"action_time": "2023-10-24T08:46:39.518Z", "user": 1, "content_type": 8, "object_id": "19", "object_repr": "Fortran Programming (Theory)", "action_flag": 1, "change_message": "[{\"added\": {}}]"}}, {"model": "admin.logentry", "pk": 29, "fields": {"action_time": "2023-10-24T08:47:10.296Z", "user": 1, "content_type": 8, "object_id": "20", "object_repr": "Mathematical Statistics", "action_flag": 1, "change_message": "[{\"added\": {}}]"}}, {"model": "admin.logentry", "pk": 30, "fields": {"action_time": "2023-10-24T08:48:10.140Z", "user": 1, "content_type": 8, "object_id": "14", "object_repr": "Viva Voce", "action_flag": 2, "change_message": "[]"}}, {"model": "admin.logentry", "pk": 31, "fields": {"action_time": "2023-10-24T14:36:46.180Z", "user": 1, "content_type": 11, "object_id": "9", "object_repr": "2nd Mid", "action_flag": 1, "change_message": "[{\"added\": {}}]"}}, {"model": "admin.logentry", "pk": 32, "fields": {"action_time": "2023-10-24T14:38:20.081Z", "user": 1, "content_type": 11, "object_id": "10", "object_repr": "3rd Mid", "action_flag": 1, "change_message": "[{\"added\": {}}]"}}, {"model": "admin.logentry", "pk": 33, "fields": {"action_time": "2023-10-24T14:40:27.682Z", "user": 1, "content_type": 11, "object_id": "11", "object_repr": "2nd Mid", "action_flag": 1, "change_message": "[{\"added\": {}}]"}}, {"model": "admin.logentry", "pk": 34, "fields": {"action_time": "2023-10-25T01:47:26.225Z", "user": 1, "content_type": 11, "object_id": "7", "object_repr": "1st Mid", "action_flag": 3, "change_message": ""}}, {"model": "admin.logentry", "pk": 35, "fields": {"action_time": "2023-10-25T01:47:26.628Z", "user": 1, "content_type": 11, "object_id": "6", "object_repr": "1st Mid", "action_flag": 3, "change_message": ""}}, {"model": "admin.logentry", "pk": 36, "fields": {"action_time": "2023-10-25T01:47:26.693Z", "user": 1, "content_type": 11, "object_id": "5", "object_repr": "1st Mid", "action_flag": 3, "change_message": ""}}, {"model": "admin.logentry", "pk": 37, "fields": {"action_time": "2023-10-25T01:47:26.753Z", "user": 1, "content_type": 11, "object_id": "4", "object_repr": "1st Mid", "action_flag": 3, "change_message": ""}}, {"model": "admin.logentry", "pk": 38, "fields": {"action_time": "2023-10-25T01:47:26.807Z", "user": 1, "content_type": 11, "object_id": "3", "object_repr": "1st Mid", "action_flag": 3, "change_message": ""}}, {"model": "admin.logentry", "pk": 39, "fields": {"action_time": "2023-10-25T01:47:26.867Z", "user": 1, "content_type": 11, "object_id": "2", "object_repr": "1st Mid", "action_flag": 3, "change_message": ""}}, {"model": "admin.logentry", "pk": 40, "fields": {"action_time": "2023-10-25T01:47:26.925Z", "user": 1, "content_type": 11, "object_id": "1", "object_repr": "1st Mid", "action_flag": 3, "change_message": ""}}, {"model": "admin.logentry", "pk": 41, "fields": {"action_time": "2023-10-25T01:47:59.776Z", "user": 1, "content_type": 11, "object_id": "9", "object_repr": "2nd Mid", "action_flag": 3, "change_message": ""}}, {"model": "admin.logentry", "pk": 42, "fields": {"action_time": "2023-10-25T01:48:00.260Z", "user": 1, "content_type": 11, "object_id": "8", "object_repr": "2nd Mid", "action_flag": 3, "change_message": ""}}, {"model": "admin.logentry", "pk": 43, "fields": {"action_time": "2023-10-25T02:01:54.779Z", "user": 1, "content_type": 11, "object_id": "12", "object_repr": "Final Exam", "action_flag": 1, "change_message": "[{\"added\": {}}]"}}, {"model": "admin.logentry", "pk": 44, "fields": {"action_time": "2023-10-25T02:02:43.730Z", "user": 1, "content_type": 11, "object_id": "13", "object_repr": "Final Exam", "action_flag": 1, "change_message": "[{\"added\": {}}]"}}, {"model": "admin.logentry", "pk": 45, "fields": {"action_time": "2023-10-25T04:52:39.942Z", "user": 1, "content_type": 10, "object_id": "6", "object_repr": "Genetic Engineering (University of Dhaka)", "action_flag": 1, "change_message": "[{\"added\": {}}]"}}, {"model": "admin.logentry", "pk": 46, "fields": {"action_time": "2023-10-25T12:34:34.792Z", "user": 1, "content_type": 12, "object_id": "1", "object_repr": "UserProfile object (1)", "action_flag": 1, "change_message": "[{\"added\": {}}]"}}, {"model": "admin.logentry", "pk": 47, "fields": {"action_time": "2023-10-25T12:34:48.807Z", "user": 1, "content_type": 12, "object_id": "2", "object_repr": "UserProfile object (2)", "action_flag": 1, "change_message": "[{\"added\": {}}]"}}, {"model": "admin.logentry", "pk": 48, "fields": {"action_time": "2023-10-26T04:14:15.343Z", "user": 1, "content_type": 11, "object_id": "15", "object_repr": "1st_mid", "action_flag": 2, "change_message": "[{\"changed\": {\"fields\": [\"Semester\", \"Exam name\"]}}]"}}, {"model": "admin.logentry", "pk": 49, "fields": {"action_time": "2023-10-26T04:14:30.649Z", "user": 1, "content_type": 11, "object_id": "14", "object_repr": "1st_mid", "action_flag": 2, "change_message": "[{\"changed\": {\"fields\": [\"Semester\", \"Exam name\"]}}]"}}, {"model": "admin.logentry", "pk": 50, "fields": {"action_time": "2023-10-26T05:44:21.538Z", "user": 1, "content_type": 10, "object_id": "7", "object_repr": "(7) Management ((1) University of Barishal)", "action_flag": 1, "change_message": "[{\"added\": {}}]"}}, {"model": "admin.logentry", "pk": 51, "fields": {"action_time": "2023-10-26T05:44:58.367Z", "user": 1, "content_type": 8, "object_id": "21", "object_repr": "Introduction to Business", "action_flag": 1, "change_message": "[{\"added\": {}}]"}}, {"model": "admin.logentry", "pk": 52, "fields": {"action_time": "2023-10-26T05:45:25.088Z", "user": 1, "content_type": 8, "object_id": "22", "object_repr": "Introduction to Computer", "action_flag": 1, "change_message": "[{\"added\": {}}]"}}, {"model": "admin.logentry", "pk": 53, "fields": {"action_time": "2023-10-26T05:45:50.775Z", "user": 1, "content_type": 8, "object_id": "23", "object_repr": "Business Mathematics-(1)", "action_flag": 1, "change_message": "[{\"added\": {}}]"}}, {"model": "admin.logentry", "pk": 54, "fields": {"action_time": "2023-10-26T05:46:13.957Z", "user": 1, "content_type": 8, "object_id": "24", "object_repr": "Basic English for Business", "action_flag": 1, "change_message": "[{\"added\": {}}]"}}, {"model": "admin.logentry", "pk": 55, "fields": {"action_time": "2023-10-26T05:46:34.637Z", "user": 1, "content_type": 8, "object_id": "25", "object_repr": "Principles of Management", "action_flag": 1, "change_message": "[{\"added\": {}}]"}}, {"model": "admin.logentry", "pk": 56, "fields": {"action_time": "2023-10-26T05:48:08.710Z", "user": 1, "content_type": 8, "object_id": "26", "object_repr": "Viva-Voce: 25 Marks", "action_flag": 1, "change_message": "[{\"added\": {}}]"}}, {"model": "admin.logentry", "pk": 57, "fields": {"action_time": "2023-10-26T10:48:30.298Z", "user": 1, "content_type": 11, "object_id": "18", "object_repr": "Lab Test", "action_flag": 2, "change_message": "[{\"changed\": {\"fields\": [\"Uploaded by\"]}}]"}}, {"model": "admin.logentry", "pk": 58, "fields": {"action_time": "2023-11-03T12:42:11.025Z", "user": 1, "content_type": 8, "object_id": "27", "object_repr": "Introduction to Computer Systems", "action_flag": 1, "change_message": "[{\"added\": {}}]"}}, {"model": "admin.logentry", "pk": 59, "fields": {"action_time": "2023-11-03T12:42:50.831Z", "user": 1, "content_type": 8, "object_id": "28", "object_repr": "Computer Systems and Computing Lab", "action_flag": 1, "change_message": "[{\"added\": {}}]"}}, {"model": "admin.logentry", "pk": 60, "fields": {"action_time": "2023-11-03T12:43:12.075Z", "user": 1, "content_type": 8, "object_id": "29", "object_repr": "Programming Fundamentals", "action_flag": 1, "change_message": "[{\"added\": {}}]"}}, {"model": "admin.logentry", "pk": 61, "fields": {"action_time": "2023-11-03T12:43:37.552Z", "user": 1, "content_type": 8, "object_id": "30", "object_repr": "Programming Fundamentals Lab", "action_flag": 1, "change_message": "[{\"added\": {}}]"}}, {"model": "admin.logentry", "pk": 62, "fields": {"action_time": "2023-11-03T12:44:01.933Z", "user": 1, "content_type": 8, "object_id": "31", "object_repr": "Physics", "action_flag": 1, "change_message": "[{\"added\": {}}]"}}, {"model": "admin.logentry", "pk": 63, "fields": {"action_time": "2023-11-03T12:44:27.948Z", "user": 1, "content_type": 8, "object_id": "32", "object_repr": "Physics Lab.", "action_flag": 1, "change_message": "[{\"added\": {}}]"}}, {"model": "admin.logentry", "pk": 64, "fields": {"action_time": "2023-11-03T12:44:53.375Z", "user": 1, "content_type": 8, "object_id": "33", "object_repr": "Chemistry", "action_flag": 1, "change_message": "[{\"added\": {}}]"}}, {"model": "admin.logentry", "pk": 65, "fields": {"action_time": "2023-11-03T12:45:14.814Z", "user": 1, "content_type": 8, "object_id": "34", "object_repr": "Chemistry Lab", "action_flag": 1, "change_message": "[{\"added\": {}}]"}}, {"model": "admin.logentry", "pk": 66, "fields": {"action_time": "2023-11-03T12:45:37.917Z", "user": 1, "content_type": 8, "object_id": "35", "object_repr": "Differential Calculus and Co-ordinate Geometry", "action_flag": 1, "change_message": "[{\"added\": {}}]"}}, {"model": "admin.logentry", "pk": 67, "fields": {"action_time": "2023-11-03T12:46:01.111Z", "user": 1, "content_type": 8, "object_id": "36", "object_repr": "English Communication Skills Lab.", "action_flag": 1, "change_message": "[{\"added\": {}}]"}}, {"model": "admin.logentry", "pk": 68, "fields": {"action_time": "2023-11-03T13:19:27.034Z", "user": 1, "content_type": 14, "object_id": "1", "object_repr": "Profile object (1)", "action_flag": 2, "change_message": "[{\"changed\": {\"fields\": [\"Bio\", \"Email\"]}}]"}}, {"model": "admin.logentry", "pk": 69, "fields": {"action_time": "2023-11-03T13:19:34.437Z", "user": 1, "content_type": 14, "object_id": "1", "object_repr": "Profile object (1)", "action_flag": 2, "change_message": "[{\"changed\": {\"fields\": [\"Bio\"]}}]"}}, {"model": "admin.logentry", "pk": 70, "fields": {"action_time": "2023-11-04T02:45:19.924Z", "user": 1, "content_type": 14, "object_id": "1", "object_repr": "Profile object (1)", "action_flag": 2, "change_message": "[{\"changed\": {\"fields\": [\"User type\"]}}]"}}, {"model": "admin.logentry", "pk": 71, "fields": {"action_time": "2023-11-04T02:48:26.191Z", "user": 1, "content_type": 14, "object_id": "1", "object_repr": "Profile object (1)", "action_flag": 2, "change_message": "[{\"changed\": {\"fields\": [\"User type\"]}}]"}}, {"model": "admin.logentry", "pk": 72, "fields": {"action_time": "2023-11-04T03:09:31.433Z", "user": 1, "content_type": 14, "object_id": "1", "object_repr": "Profile object (1)", "action_flag": 2, "change_message": "[{\"changed\": {\"fields\": [\"User type\"]}}]"}}, {"model": "admin.logentry", "pk": 73, "fields": {"action_time": "2023-11-04T03:09:48.888Z", "user": 1, "content_type": 14, "object_id": "1", "object_repr": "Profile object (1)", "action_flag": 2, "change_message": "[{\"changed\": {\"fields\": [\"User type\"]}}]"}}, {"model": "admin.logentry", "pk": 74, "fields": {"action_time": "2023-11-05T02:52:20.739Z", "user": 1, "content_type": 9, "object_id": "1", "object_repr": "University of Barishal", "action_flag": 1, "change_message": "[{\"added\": {}}]"}}, {"model": "admin.logentry", "pk": 75, "fields": {"action_time": "2023-11-05T02:52:28.489Z", "user": 1, "content_type": 9, "object_id": "2", "object_repr": "University of Dhaka", "action_flag": 1, "change_message": "[{\"added\": {}}]"}}, {"model": "admin.logentry", "pk": 76, "fields": {"action_time": "2023-11-05T02:52:49.326Z", "user": 1, "content_type": 10, "object_id": "1", "object_repr": "Computer Science and Engineering", "action_flag": 1, "change_message": "[{\"added\": {}}]"}}, {"model": "admin.logentry", "pk": 77, "fields": {"action_time": "2023-11-05T02:53:03.963Z", "user": 1, "content_type": 10, "object_id": "2", "object_repr": "Mathematics", "action_flag": 1, "change_message": "[{\"added\": {}}]"}}, {"model": "admin.logentry", "pk": 78, "fields": {"action_time": "2023-11-05T02:53:18.212Z", "user": 1, "content_type": 10, "object_id": "3", "object_repr": "Genetic Engineering", "action_flag": 1, "change_message": "[{\"added\": {}}]"}}, {"model": "admin.logentry", "pk": 79, "fields": {"action_time": "2023-11-05T02:53:56.613Z", "user": 1, "content_type": 8, "object_id": "1", "object_repr": "Introduction to Computer Systems", "action_flag": 1, "change_message": "[{\"added\": {}}]"}}, {"model": "admin.logentry", "pk": 80, "fields": {"action_time": "2023-11-05T02:54:07.628Z", "user": 1, "content_type": 8, "object_id": "1", "object_repr": "Introduction to Computer Systems", "action_flag": 2, "change_message": "[{\"changed\": {\"fields\": [\"Code\"]}}]"}}, {"model": "admin.logentry", "pk": 81, "fields": {"action_time": "2023-11-05T02:54:38.381Z", "user": 1, "content_type": 8, "object_id": "2", "object_repr": "Computer Systems and Computing Lab", "action_flag": 1, "change_message": "[{\"added\": {}}]"}}, {"model": "admin.logentry", "pk": 82, "fields": {"action_time": "2023-11-05T02:55:02.393Z", "user": 1, "content_type": 8, "object_id": "3", "object_repr": "Programming Fundamentals", "action_flag": 1, "change_message": "[{\"added\": {}}]"}}, {"model": "admin.logentry", "pk": 83, "fields": {"action_time": "2023-11-05T02:55:23.898Z", "user": 1, "content_type": 8, "object_id": "4", "object_repr": "Programming Fundamentals Lab", "action_flag": 1, "change_message": "[{\"added\": {}}]"}}, {"model": "admin.logentry", "pk": 84, "fields": {"action_time": "2023-11-05T02:55:43.859Z", "user": 1, "content_type": 8, "object_id": "5", "object_repr": "Physics", "action_flag": 1, "change_message": "[{\"added\": {}}]"}}, {"model": "admin.logentry", "pk": 85, "fields": {"action_time": "2023-11-05T02:56:08.544Z", "user": 1, "content_type": 8, "object_id": "6", "object_repr": "Physics Lab.", "action_flag": 1, "change_message": "[{\"added\": {}}]"}}, {"model": "admin.logentry", "pk": 86, "fields": {"action_time": "2023-11-05T02:56:23.039Z", "user": 1, "content_type": 8, "object_id": "7", "object_repr": "Chemistry", "action_flag": 1, "change_message": "[{\"added\": {}}]"}}, {"model": "admin.logentry", "pk": 87, "fields": {"action_time": "2023-11-05T02:56:40.295Z", "user": 1, "content_type": 8, "object_id": "8", "object_repr": "Chemistry Lab", "action_flag": 1, "change_message": "[{\"added\": {}}]"}}, {"model": "admin.logentry", "pk": 88, "fields": {"action_time": "2023-11-05T02:57:03.233Z", "user": 1, "content_type": 8, "object_id": "9", "object_repr": "Differential Calculus and Co-ordinate Geometry", "action_flag": 1, "change_message": "[{\"added\": {}}]"}}, {"model": "admin.logentry", "pk": 89, "fields": {"action_time": "2023-11-05T02:57:24.058Z", "user": 1, "content_type": 8, "object_id": "10", "object_repr": "English Communication Skills Lab.", "action_flag": 1, "change_message": "[{\"added\": {}}]"}}, {"model": "admin.logentry", "pk": 90, "fields": {"action_time": "2023-11-05T03:04:12.203Z", "user": 1, "content_type": 8, "object_id": "11", "object_repr": "Fundamentals of Mathematics", "action_flag": 1, "change_message": "[{\"added\": {}}]"}}, {"model": "admin.logentry", "pk": 91, "fields": {"action_time": "2023-11-05T03:04:36.830Z", "user": 1, "content_type": 8, "object_id": "12", "object_repr": "Differential Calculus", "action_flag": 1, "change_message": "[{\"added\": {}}]"}}, {"model": "admin.logentry", "pk": 92, "fields": {"action_time": "2023-11-05T03:04:57.477Z", "user": 1, "content_type": 8, "object_id": "13", "object_repr": "Analytic and Vector Geometry", "action_flag": 1, "change_message": "[{\"added\": {}}]"}}, {"model": "admin.logentry", "pk": 93, "fields": {"action_time": "2023-11-05T03:05:23.761Z", "user": 1, "content_type": 8, "object_id": "14", "object_repr": "History of the Emergence of Bangladesh", "action_flag": 1, "change_message": "[{\"added\": {}}]"}}, {"model": "admin.logentry", "pk": 94, "fields": {"action_time": "2023-11-05T03:05:44.342Z", "user": 1, "content_type": 8, "object_id": "15", "object_repr": "Basic Statistics", "action_flag": 1, "change_message": "[{\"added\": {}}]"}}, {"model": "admin.logentry", "pk": 95, "fields": {"action_time": "2023-11-05T03:06:02.054Z", "user": 1, "content_type": 8, "object_id": "16", "object_repr": "Mechanics, Waves and Properties of Matters", "action_flag": 1, "change_message": "[{\"added\": {}}]"}}, {"model": "auth.permission", "pk": 1, "fields": {"name": "Can add log entry", "content_type": 1, "codename": "add_logentry"}}, {"model": "auth.permission", "pk": 2, "fields": {"name": "Can change log entry", "content_type": 1, "codename": "change_logentry"}}, {"model": "auth.permission", "pk": 3, "fields": {"name": "Can delete log entry", "content_type": 1, "codename": "delete_logentry"}}, {"model": "auth.permission", "pk": 4, "fields": {"name": "Can view log entry", "content_type": 1, "codename": "view_logentry"}}, {"model": "auth.permission", "pk": 5, "fields": {"name": "Can add permission", "content_type": 2, "codename": "add_permission"}}, {"model": "auth.permission", "pk": 6, "fields": {"name": "Can change permission", "content_type": 2, "codename": "change_permission"}}, {"model": "auth.permission", "pk": 7, "fields": {"name": "Can delete permission", "content_type": 2, "codename": "delete_permission"}}, {"model": "auth.permission", "pk": 8, "fields": {"name": "Can view permission", "content_type": 2, "codename": "view_permission"}}, {"model": "auth.permission", "pk": 9, "fields": {"name": "Can add group", "content_type": 3, "codename": "add_group"}}, {"model": "auth.permission", "pk": 10, "fields": {"name": "Can change group", "content_type": 3, "codename": "change_group"}}, {"model": "auth.permission", "pk": 11, "fields": {"name": "Can delete group", "content_type": 3, "codename": "delete_group"}}, {"model": "auth.permission", "pk": 12, "fields": {"name": "Can view group", "content_type": 3, "codename": "view_group"}}, {"model": "auth.permission", "pk": 13, "fields": {"name": "Can add user", "content_type": 4, "codename": "add_user"}}, {"model": "auth.permission", "pk": 14, "fields": {"name": "Can change user", "content_type": 4, "codename": "change_user"}}, {"model": "auth.permission", "pk": 15, "fields": {"name": "Can delete user", "content_type": 4, "codename": "delete_user"}}, {"model": "auth.permission", "pk": 16, "fields": {"name": "Can view user", "content_type": 4, "codename": "view_user"}}, {"model": "auth.permission", "pk": 17, "fields": {"name": "Can add content type", "content_type": 5, "codename": "add_contenttype"}}, {"model": "auth.permission", "pk": 18, "fields": {"name": "Can change content type", "content_type": 5, "codename": "change_contenttype"}}, {"model": "auth.permission", "pk": 19, "fields": {"name": "Can delete content type", "content_type": 5, "codename": "delete_contenttype"}}, {"model": "auth.permission", "pk": 20, "fields": {"name": "Can view content type", "content_type": 5, "codename": "view_contenttype"}}, {"model": "auth.permission", "pk": 21, "fields": {"name": "Can add session", "content_type": 6, "codename": "add_session"}}, {"model": "auth.permission", "pk": 22, "fields": {"name": "Can change session", "content_type": 6, "codename": "change_session"}}, {"model": "auth.permission", "pk": 23, "fields": {"name": "Can delete session", "content_type": 6, "codename": "delete_session"}}, {"model": "auth.permission", "pk": 24, "fields": {"name": "Can view session", "content_type": 6, "codename": "view_session"}}, {"model": "auth.permission", "pk": 25, "fields": {"name": "Can add university", "content_type": 7, "codename": "add_university"}}, {"model": "auth.permission", "pk": 26, "fields": {"name": "Can change university", "content_type": 7, "codename": "change_university"}}, {"model": "auth.permission", "pk": 27, "fields": {"name": "Can delete university", "content_type": 7, "codename": "delete_university"}}, {"model": "auth.permission", "pk": 28, "fields": {"name": "Can view university", "content_type": 7, "codename": "view_university"}}, {"model": "auth.permission", "pk": 29, "fields": {"name": "Can add course", "content_type": 8, "codename": "add_course"}}, {"model": "auth.permission", "pk": 30, "fields": {"name": "Can change course", "content_type": 8, "codename": "change_course"}}, {"model": "auth.permission", "pk": 31, "fields": {"name": "Can delete course", "content_type": 8, "codename": "delete_course"}}, {"model": "auth.permission", "pk": 32, "fields": {"name": "Can view course", "content_type": 8, "codename": "view_course"}}, {"model": "auth.permission", "pk": 33, "fields": {"name": "Can add university", "content_type": 9, "codename": "add_university"}}, {"model": "auth.permission", "pk": 34, "fields": {"name": "Can change university", "content_type": 9, "codename": "change_university"}}, {"model": "auth.permission", "pk": 35, "fields": {"name": "Can delete university", "content_type": 9, "codename": "delete_university"}}, {"model": "auth.permission", "pk": 36, "fields": {"name": "Can view university", "content_type": 9, "codename": "view_university"}}, {"model": "auth.permission", "pk": 37, "fields": {"name": "Can add department", "content_type": 10, "codename": "add_department"}}, {"model": "auth.permission", "pk": 38, "fields": {"name": "Can change department", "content_type": 10, "codename": "change_department"}}, {"model": "auth.permission", "pk": 39, "fields": {"name": "Can delete department", "content_type": 10, "codename": "delete_department"}}, {"model": "auth.permission", "pk": 40, "fields": {"name": "Can view department", "content_type": 10, "codename": "view_department"}}, {"model": "auth.permission", "pk": 41, "fields": {"name": "Can add question", "content_type": 11, "codename": "add_question"}}, {"model": "auth.permission", "pk": 42, "fields": {"name": "Can change question", "content_type": 11, "codename": "change_question"}}, {"model": "auth.permission", "pk": 43, "fields": {"name": "Can delete question", "content_type": 11, "codename": "delete_question"}}, {"model": "auth.permission", "pk": 44, "fields": {"name": "Can view question", "content_type": 11, "codename": "view_question"}}, {"model": "auth.permission", "pk": 45, "fields": {"name": "Can add user profile", "content_type": 12, "codename": "add_userprofile"}}, {"model": "auth.permission", "pk": 46, "fields": {"name": "Can change user profile", "content_type": 12, "codename": "change_userprofile"}}, {"model": "auth.permission", "pk": 47, "fields": {"name": "Can delete user profile", "content_type": 12, "codename": "delete_userprofile"}}, {"model": "auth.permission", "pk": 48, "fields": {"name": "Can view user profile", "content_type": 12, "codename": "view_userprofile"}}, {"model": "auth.permission", "pk": 49, "fields": {"name": "Can add love reaction", "content_type": 13, "codename": "add_lovereaction"}}, {"model": "auth.permission", "pk": 50, "fields": {"name": "Can change love reaction", "content_type": 13, "codename": "change_lovereaction"}}, {"model": "auth.permission", "pk": 51, "fields": {"name": "Can delete love reaction", "content_type": 13, "codename": "delete_lovereaction"}}, {"model": "auth.permission", "pk": 52, "fields": {"name": "Can view love reaction", "content_type": 13, "codename": "view_lovereaction"}}, {"model": "auth.permission", "pk": 53, "fields": {"name": "Can add profile", "content_type": 14, "codename": "add_profile"}}, {"model": "auth.permission", "pk": 54, "fields": {"name": "Can change profile", "content_type": 14, "codename": "change_profile"}}, {"model": "auth.permission", "pk": 55, "fields": {"name": "Can delete profile", "content_type": 14, "codename": "delete_profile"}}, {"model": "auth.permission", "pk": 56, "fields": {"name": "Can view profile", "content_type": 14, "codename": "view_profile"}}, {"model": "auth.user", "pk": 1, "fields": {"password": "pbkdf2_sha256$600000$0JKueW6wdS4ZAUncPeLkwK$y6/nx1Ee3pvmmdAw4Uyx55LUH3hZ010R/41/Qhig4XA=", "last_login": "2023-11-06T01:18:28.563Z", "is_superuser": true, "username": "ohnayeem", "first_name": "Obaydul Hasan", "last_name": "Nayeem", "email": "nayeem.cse6.bu@gmail.com", "is_staff": true, "is_active": true, "date_joined": "2023-10-24T01:45:15.880Z", "groups": [], "user_permissions": []}}, {"model": "auth.user", "pk": 2, "fields": {"password": "pbkdf2_sha256$600000$otiz0AVeXiSbTOuRjSbTgc$nEki+fB4dpLTt12MXVbuK3Ls3FwLtWgYIGHXFlKuizQ=", "last_login": "2023-10-25T09:49:30.821Z", "is_superuser": false, "username": "nayeem1", "first_name": "", "last_name": "", "email": "", "is_staff": false, "is_active": true, "date_joined": "2023-10-25T09:49:29.818Z", "groups": [], "user_permissions": []}}, {"model": "auth.user", "pk": 3, "fields": {"password": "pbkdf2_sha256$600000$YuwQptHS3Yy0pUgQqIOLi5$fr+/2/66cyEeQxSkZV8+rY95R9jh0qCALK0uVqa5RYM=", "last_login": "2023-10-29T19:44:52.978Z", "is_superuser": false, "username": "tanvir", "first_name": "", "last_name": "", "email": "", "is_staff": false, "is_active": true, "date_joined": "2023-10-26T03:13:53.880Z", "groups": [], "user_permissions": []}}, {"model": "auth.user", "pk": 4, "fields": {"password": "pbkdf2_sha256$600000$v7JPWdUYGJbbW846NUm7yj$nXkrsDTpIApKWuhEZRJrtdoGh/g+S4PwNgCfdJlIvGQ=", "last_login": "2023-10-26T10:46:09.606Z", "is_superuser": false, "username": "tania", "first_name": "", "last_name": "", "email": "", "is_staff": false, "is_active": true, "date_joined": "2023-10-26T03:15:55.176Z", "groups": [], "user_permissions": []}}, {"model": "auth.user", "pk": 5, "fields": {"password": "pbkdf2_sha256$600000$mW5tRsxJUUHI1nZZ7xTYDb$kzV7HXs2LrWLwzZSX8An0gSTfriqAUOIBLMNFVjLZ7E=", "last_login": "2023-11-05T07:21:26.080Z", "is_superuser": false, "username": "tamanna", "first_name": "", "last_name": "", "email": "", "is_staff": false, "is_active": true, "date_joined": "2023-10-26T10:50:43.596Z", "groups": [], "user_permissions": []}}, {"model": "auth.user", "pk": 6, "fields": {"password": "pbkdf2_sha256$600000$TTPAv0AaCThizAWl1UlnPB$KlIq4DXmnhJUZ9A35l7VQ9uzU0KbWqMh41h/cjDmloY=", "last_login": "2023-10-26T12:57:15.054Z", "is_superuser": false, "username": "Kohinur", "first_name": "", "last_name": "", "email": "", "is_staff": false, "is_active": true, "date_joined": "2023-10-26T12:57:14.025Z", "groups": [], "user_permissions": []}}, {"model": "auth.user", "pk": 7, "fields": {"password": "pbkdf2_sha256$600000$98Yh3Tlnyor0h0CtgvL8xJ$FGGR+BZRcBJ+19Trs2TLiu6fWlYyjzQ7X7M2fV52hOo=", "last_login": "2023-11-04T05:22:59.519Z", "is_superuser": false, "username": "nahar", "first_name": "", "last_name": "", "email": "", "is_staff": false, "is_active": true, "date_joined": "2023-11-03T16:12:33.221Z", "groups": [], "user_permissions": []}}, {"model": "auth.user", "pk": 8, "fields": {"password": "pbkdf2_sha256$600000$O6CakV2feUceshlduaeqrE$KBR/CC6+YKvUm47bVQERFOFZ7BByaiN5DSErGq5d15E=", "last_login": "2023-11-05T07:22:34.920Z", "is_superuser": false, "username": "alamin", "first_name": "", "last_name": "", "email": "", "is_staff": false, "is_active": true, "date_joined": "2023-11-05T07:22:34.050Z", "groups": [], "user_permissions": []}}, {"model": "contenttypes.contenttype", "pk": 1, "fields": {"app_label": "admin", "model": "logentry"}}, {"model": "contenttypes.contenttype", "pk": 2, "fields": {"app_label": "auth", "model": "permission"}}, {"model": "contenttypes.contenttype", "pk": 3, "fields": {"app_label": "auth", "model": "group"}}, {"model": "contenttypes.contenttype", "pk": 4, "fields": {"app_label": "auth", "model": "user"}}, {"model": "contenttypes.contenttype", "pk": 5, "fields": {"app_label": "contenttypes", "model": "contenttype"}}, {"model": "contenttypes.contenttype", "pk": 6, "fields": {"app_label": "sessions", "model": "session"}}, {"model": "contenttypes.contenttype", "pk": 7, "fields": {"app_label": "university", "model": "university"}}, {"model": "contenttypes.contenttype", "pk": 8, "fields": {"app_label": "study", "model": "course"}}, {"model": "contenttypes.contenttype", "pk": 9, "fields": {"app_label": "study", "model": "university"}}, {"model": "contenttypes.contenttype", "pk": 10, "fields": {"app_label": "study", "model": "department"}}, {"model": "contenttypes.contenttype", "pk": 11, "fields": {"app_label": "study", "model": "question"}}, {"model": "contenttypes.contenttype", "pk": 12, "fields": {"app_label": "account", "model": "userprofile"}}, {"model": "contenttypes.contenttype", "pk": 13, "fields": {"app_label": "study", "model": "lovereaction"}}, {"model": "contenttypes.contenttype", "pk": 14, "fields": {"app_label": "account", "model": "profile"}}, {"model": "sessions.session", "pk": "bcrrlbijywqbbnuez85ak2ya6f87pdwh", "fields": {"session_data": "e30:1qvqNX:VaAuNTWWTQh6ge2tVWpVs9Om38JpuTHmOLffAOw4flc", "expire_date": "2023-11-09T02:45:47.164Z"}}, {"model": "sessions.session", "pk": "dwas2j75f9htqm0waekuwafkplvzrydh", "fields": {"session_data": ".eJxVjEEOwiAQRe_C2hCYVhhcuvcMZGBGqRpISrsy3l2bdKHb_977LxVpXUpcu8xxYnVSVh1-t0T5IXUDfKd6azq3usxT0puid9r1pbE8z7v7d1Col2_tCDKjMdeAZhgEDRh3tCLoUrYBOJOF0XocsjPoAVlScmJDYPA0BlDvD8ViNxI:1qzoG4:IAdFpBryrxdo0ixWn8A5aS-HTujbD_sMWZePwreuZ70", "expire_date": "2023-11-20T01:18:28.630Z"}}, {"model": "sessions.session", "pk": "f4wmrpl94sbdebblk0zg7cah45nwgrht", "fields": {"session_data": ".eJxVjDsOgzAQRO_iOrJg19-U6TmDZXvXMUkEEoYqyt0DEkXSjea9mbcIcVtr2BovYSRxFSguv12K-cnTAegRp_ss8zyty5jkociTNjnMxK_b6f4d1NjqvlbACKh9AdU7IuQUk0md0rZT3lo2hEZphw4yOCyePKLRxcOeeygsPl-92TbR:1qxBiP:WMU_NYKPTJTXc-u4wq0pnYF6a8IncSwQ6gqEFhQC3ok", "expire_date": "2023-11-12T19:44:53.029Z"}}, {"model": "sessions.session", "pk": "k3s4ctiucoos09poxsvuofrl57p975ep", "fields": {"session_data": ".eJxVjEEOwiAQRe_C2hCYVhhcuvcMZGBGqRpISrsy3l2bdKHb_977LxVpXUpcu8xxYnVSVh1-t0T5IXUDfKd6azq3usxT0puid9r1pbE8z7v7d1Col2_tCDKjMdeAZhgEDRh3tCLoUrYBOJOF0XocsjPoAVlScmJDYPA0BlDvD8ViNxI:1qw1WI:0HkKrqgOf1q_RmIfwEYuNUloy4QDNSeUAxTBzd0pWvs", "expire_date": "2023-11-09T14:39:34.190Z"}}, {"model": "sessions.session", "pk": "lu8mwqzutg8t6fav2rykskjkqjv6lt1c", "fields": {"session_data": ".eJxVjEEOwiAQRe_C2hCYVhhcuvcMZGBGqRpISrsy3l2bdKHb_977LxVpXUpcu8xxYnVSVh1-t0T5IXUDfKd6azq3usxT0puid9r1pbE8z7v7d1Col2_tCDKjMdeAZhgEDRh3tCLoUrYBOJOF0XocsjPoAVlScmJDYPA0BlDvD8ViNxI:1qvaWC:H_waV_ScGfAGCu4zxPE6mkvf9GTRMfh_MtMz9NIBA5Q", "expire_date": "2023-11-08T09:49:40.847Z"}}, {"model": "sessions.session", "pk": "tddp2e41iic2zcksfo2zt50e2jtveuli", "fields": {"session_data": "e30:1qvqok:qkcFuwpPhLRHSX4notw9jz5sclj8NObpCJiATky_oKI", "expire_date": "2023-11-09T03:13:54.705Z"}}, {"model": "sessions.session", "pk": "vi4mbq91c13snzq774ce3pvpugbhhce3", "fields": {"session_data": "e30:1qvqOh:67_I9jn7B9PQG-wYtNoKIHiTubz_UhFOsbgzU6qj7Ek", "expire_date": "2023-11-09T02:46:59.434Z"}}, {"model": "study.university", "pk": 1, "fields": {"name": "University of Barishal"}}, {"model": "study.university", "pk": 2, "fields": {"name": "University of Dhaka"}}, {"model": "study.department", "pk": 1, "fields": {"name": "Computer Science and Engineering", "university": 1}}, {"model": "study.department", "pk": 2, "fields": {"name": "Mathematics", "university": 1}}, {"model": "study.department", "pk": 3, "fields": {"name": "Genetic Engineering", "university": 2}}, {"model": "study.course", "pk": 1, "fields": {"title": "Introduction to Computer Systems", "code": "CSE-1101", "credit": "3.00", "department": 1, "university": 1, "year": 1, "semester": 1}}, {"model": "study.course", "pk": 2, "fields": {"title": "Computer Systems and Computing Lab", "code": "CSE-1102", "credit": "0.75", "department": 1, "university": 1, "year": 1, "semester": 1}}, {"model": "study.course", "pk": 3, "fields": {"title": "Programming Fundamentals", "code": "CSE-1103", "credit": "3.00", "department": 1, "university": 1, "year": 1, "semester": 1}}, {"model": "study.course", "pk": 4, "fields": {"title": "Programming Fundamentals Lab", "code": "CSE-1104", "credit": "1.50", "department": 1, "university": 1, "year": 1, "semester": 1}}, {"model": "study.course", "pk": 5, "fields": {"title": "Physics", "code": "PHY-1105", "credit": "3.00", "department": 1, "university": 1, "year": 1, "semester": 1}}, {"model": "study.course", "pk": 6, "fields": {"title": "Physics Lab.", "code": "PHY-1106", "credit": "1.50", "department": 1, "university": 1, "year": 1, "semester": 1}}, {"model": "study.course", "pk": 7, "fields": {"title": "Chemistry", "code": "CHEM-1107", "credit": "3.00", "department": 1, "university": 1, "year": 1, "semester": 1}}, {"model": "study.course", "pk": 8, "fields": {"title": "Chemistry Lab", "code": "CHEM-1108", "credit": "0.75", "department": 1, "university": 1, "year": 1, "semester": 1}}, {"model": "study.course", "pk": 9, "fields": {"title": "Differential Calculus and Co-ordinate Geometry", "code": "MATH-1109", "credit": "3.00", "department": 1, "university": 1, "year": 1, "semester": 1}}, {"model": "study.course", "pk": 10, "fields": {"title": "English Communication Skills Lab.", "code": "ENG-1110", "credit": "1.50", "department": 1, "university": 1, "year": 1, "semester": 1}}, {"model": "study.course", "pk": 11, "fields": {"title": "Fundamentals of Mathematics", "code": "MTH 111", "credit": "3.00", "department": 2, "university": 1, "year": 1, "semester": 1}}, {"model": "study.course", "pk": 12, "fields": {"title": "Differential Calculus", "code": "MTH 112", "credit": "3.00", "department": 2, "university": 1, "year": 1, "semester": 1}}, {"model": "study.course", "pk": 13, "fields": {"title": "Analytic and Vector Geometry", "code": "MTH 113", "credit": "3.00", "department": 2, "university": 1, "year": 1, "semester": 1}}, {"model": "study.course", "pk": 14, "fields": {"title": "History of the Emergence of Bangladesh", "code": "MTH 114", "credit": "4.00", "department": 2, "university": 1, "year": 1, "semester": 1}}, {"model": "study.course", "pk": 15, "fields": {"title": "Basic Statistics", "code": "MTR 101", "credit": "3.00", "department": 2, "university": 1, "year": 1, "semester": 1}}, {"model": "study.course", "pk": 16, "fields": {"title": "Mechanics, Waves and Properties of Matters", "code": "MTR 102", "credit": "3.00", "department": 2, "university": 1, "year": 1, "semester": 1}}, {"model": "study.question", "pk": 1, "fields": {"university": 1, "department": 1, "year": 1, "semester": 1, "course": 1, "exam_name": "1st Mid", "session": "2018-19", "question_file": "study/questions/Screenshot_4_KqSVcKE.png", "upload_time": "2023-11-05T02:58:05.798Z", "uploaded_by": 1, "love_count": 0, "feedback": null}}, {"model": "study.question", "pk": 2, "fields": {"university": 1, "department": 1, "year": 1, "semester": 1, "course": 1, "exam_name": "2nd Mid", "session": "2018-19", "question_file": "study/questions/Screenshot_5.png", "upload_time": "2023-11-05T02:58:21.740Z", "uploaded_by": 1, "love_count": 0, "feedback": null}}, {"model": "study.question", "pk": 3, "fields": {"university": 1, "department": 1, "year": 1, "semester": 1, "course": 1, "exam_name": "3rd Mid", "session": "2018-19", "question_file": "study/questions/Screenshot_6.png", "upload_time": "2023-11-05T02:58:36.680Z", "uploaded_by": 1, "love_count": 0, "feedback": "yyyyyyyyy"}}, {"model": "study.question", "pk": 4, "fields": {"university": 1, "department": 1, "year": 1, "semester": 1, "course": 1, "exam_name": "Class Test", "session": "2018-19", "question_file": "study/questions/Screenshot_7_qb58ZK8.png", "upload_time": "2023-11-05T02:58:56.709Z", "uploaded_by": 1, "love_count": 0, "feedback": "dsfdsfdsfds"}}, {"model": "study.question", "pk": 5, "fields": {"university": 1, "department": 1, "year": 1, "semester": 1, "course": 1, "exam_name": "Lab Test", "session": "2018-19", "question_file": "study/questions/Screenshot_7_sOIhGB0.png", "upload_time": "2023-11-05T02:59:12.237Z", "uploaded_by": 1, "love_count": 0, "feedback": null}}, {"model": "study.question", "pk": 6, "fields": {"university": 1, "department": 1, "year": 1, "semester": 1, "course": 1, "exam_name": "Lab Final", "session": "2018-19", "question_file": "study/questions/Screenshot_11.png", "upload_time": "2023-11-05T02:59:26.864Z", "uploaded_by": 1, "love_count": 0, "feedback": null}}, {"model": "study.question", "pk": 7, "fields": {"university": 1, "department": 1, "year": 1, "semester": 1, "course": 1, "exam_name": "Final", "session": "2018-19", "question_file": "study/questions/Screenshot_12_uYBDheF.png", "upload_time": "2023-11-05T02:59:51.885Z", "uploaded_by": 1, "love_count": 0, "feedback": null}}, {"model": "study.question", "pk": 9, "fields": {"university": 1, "department": 1, "year": 1, "semester": 1, "course": 1, "exam_name": "1st Mid", "session": "2018-19", "question_file": "study/questions/Screenshot_4_6dYfhvS.png", "upload_time": "2023-11-05T07:13:55.888Z", "uploaded_by": 1, "love_count": 0, "feedback": "hjkkhhgjhgjk"}}, {"model": "study.question", "pk": 10, "fields": {"university": 1, "department": 1, "year": 1, "semester": 1, "course": 1, "exam_name": "Final", "session": "2017-18", "question_file": "study/questions/Screenshot_5_yAxNFwf.png", "upload_time": "2023-11-05T07:14:48.150Z", "uploaded_by": 1, "love_count": 0, "feedback": null}}, {"model": "account.profile", "pk": 1, "fields": {"user": 1, "user_type": "departmental_ambassador", "bio": "Hey! I am OH Nayeem", "profile_image": "profile_images/Screenshot_4.png", "email": "nayeem.cse6.bu@gmail.com", "university": 1, "department": 1, "year": 1, "semester": 1}}, {"model": "account.profile", "pk": 2, "fields": {"user": 7, "user_type": "student", "bio": "I'm Tania", "profile_image": "profile_images/Screenshot_16.png", "email": "jannatnahare@gmail.com", "university": null, "department": null, "year": null, "semester": null}}, {"model": "account.profile", "pk": 3, "fields": {"user": 2, "user_type": "student", "bio": "", "profile_image": "", "email": "", "university": null, "department": null, "year": null, "semester": null}}, {"model": "account.profile", "pk": 4, "fields": {"user": 3, "user_type": "batch_ambassador", "bio": "", "profile_image": "", "email": "", "university": null, "department": null, "year": null, "semester": null}}, {"model": "account.profile", "pk": 5, "fields": {"user": 4, "user_type": "university_ambassador", "bio": "", "profile_image": "", "email": "", "university": null, "department": null, "year": null, "semester": null}}, {"model": "account.profile", "pk": 6, "fields": {"user": 6, "user_type": "student", "bio": "", "profile_image": "", "email": "", "university": null, "department": null, "year": null, "semester": null}}, {"model": "account.profile", "pk": 7, "fields": {"user": 5, "user_type": "student", "bio": "", "profile_image": "", "email": "", "university": null, "department": null, "year": null, "semester": null}}, {"model": "account.profile", "pk": 8, "fields": {"user": 8, "user_type": "student", "bio": "", "profile_image": "profile_images/Screenshot_10.png", "email": "", "university": null, "department": null, "year": null, "semester": null}}]